submission_file,survival_rate,female_survival_rate,male_survival_rate
candidate_logistic.csv,0.40669856459330145,0.9473684210526315,0.09774436090225563
candidate_histgb.csv,0.3684210526315789,0.8289473684210527,0.10526315789473684
candidate_catboost.csv,0.39712918660287083,0.9407894736842105,0.08646616541353383
candidate_blend.csv,0.39712918660287083,0.9407894736842105,0.08646616541353383
candidate_blend_adjusted.csv,0.4043062200956938,0.9407894736842105,0.09774436090225563
